,Dissolved oxygen,pH,Conductivity,Nitrate,Fecal coliform,Total coliform,Biological oxygen demand,WQI
Count,708.0,708.0,708.0,708.0,708.0,708.0,708.0,708.0
Mean,6.955346892655367,6.45885593220339,73.09264124293786,0.2275364406779661,6550.2093502824855,12019.09140677966,3.176709039548023,203.16479165239673
Std,6.17380603053217,1.1814179942312852,128.27798185061783,0.36231695685888476,26877.036852451223,33924.88101395139,7.9839098474810255,652.8337417676036
Min,0.0,0.0,0.0,0.0,0.0,0.0,0.0,-643.9963666027726
25%,6.3,5.74,6.5649999999999995,0.05,25.75,300.0,1.0,24.966187126305424
50%,7.1,6.7,40.6,0.1,80.0,1300.0,2.0,50.00935101625642
75%,7.6,7.2,78.025,0.24,350.0,4884.0,2.0,74.9080336520079
Max,163.0,11.34,1340.0,3.01,160000.0,160000.0,99.0,4398.327716603108
